{
    "plans": [
        {
            "plan_name": "inaugurate",
            "num_of_authentications": "15000",
            "price": {
                "IN": 1350,
                "NP": 1126,
                "BT": 75,
                "BD": 1537,
                "AF": 1474,
                "PK": 594,
                "LK": 966,
                "MV": 104,
                "AE": 276,
                "SA": 433,
                "IL": 667,
                "EG": 740,
                "BH": 134,
                "KW": 959,
                "LB": 537,
                "QA": 298,
                "JO": 1473,
                "OM": 803,
                "TR": 24,
                "YE": 423,
                "UG": 1003,
                "RW": 260,
                "KE": 384,
                "MU": 241,
                "ET": 990,
                "ZW": 196,
                "ZM": 885,
                "NA": 264,
                "NG": 621,
                "SL": 358,
                "AU": 259,
                "US": 48,
                "GB": 292,
                "NL": 892,
                "ZA": 149,
                "ID": 1205,
                "AR": 387,
                "TH": 95,
                "VN": 395,
                "PT": 227,
                "PH": 122,
                "MY": 421,
                "SG": 399,
                "EE": 577,
                "MM": 1049
            }
        },
        {
            "plan_name": "grow",
            "num_of_authentications": "40000",
            "price": {
                "IN": 3600,
                "NP": 3003,
                "BT": 200,
                "BD": 4098,
                "AF": 3932,
                "PK": 1584,
                "LK": 2576,
                "MV": 278,
                "AE": 736,
                "SA": 1155,
                "IL": 1778,
                "EG": 1973,
                "BH": 357,
                "KW": 2557,
                "LB": 1432,
                "QA": 795,
                "JO": 3928,
                "OM": 2141,
                "TR": 64,
                "YE": 1128,
                "UG": 2674,
                "RW": 695,
                "KE": 1025,
                "MU": 641,
                "ET": 2641,
                "ZW": 522,
                "ZM": 2359,
                "NA": 704,
                "NG": 1657,
                "SL": 955,
                "AU": 690,
                "US": 129,
                "GB": 778,
                "NL": 2378,
                "ZA": 396,
                "ID": 3215,
                "AR": 1033,
                "TH": 254,
                "VN": 1053,
                "PT": 606,
                "PH": 325,
                "MY": 1123,
                "SG": 1065,
                "EE": 1537,
                "MM": 2796
            }
        },
        {
            "plan_name": "manage",
            "num_of_authentications": "100000",
            "price": {
                "IN": 7250,
                "NP": 5006,
                "BT": 333,
                "BD": 6830,
                "AF": 6553,
                "PK": 2641,
                "LK": 4293,
                "MV": 463,
                "AE": 1227,
                "SA": 1925,
                "IL": 2963,
                "EG": 3288,
                "BH": 595,
                "KW": 4262,
                "LB": 2387,
                "QA": 1324,
                "JO": 6547,
                "OM": 3569,
                "TR": 106,
                "YE": 1880,
                "UG": 4457,
                "RW": 1158,
                "KE": 1709,
                "MU": 1069,
                "ET": 4401,
                "ZW": 870,
                "ZM": 3932,
                "NA": 1174,
                "NG": 2762,
                "SL": 1591,
                "AU": 1150,
                "US": 215,
                "GB": 1296,
                "NL": 3963,
                "ZA": 660,
                "ID": 5358,
                "AR": 1721,
                "TH": 424,
                "VN": 1755,
                "PT": 1010,
                "PH": 542,
                "MY": 1872,
                "SG": 1775,
                "EE": 2562,
                "MM": 4661
            }
        }
    ]
}